,term
flu in children,6591
cold or flu,6591
wine flu,6591
sinusitis,6591
flu in toddlers,6591
chest infection,6591
best medicine for flu,6591
flu symptom checker,6591
how to get over the flu,6591
chest infection symptoms,6591
flu incubation period,6591
having the flu,6591
fever flu,6591
coughing blood,6591
cough remedies,6591
symptoms of swine flu,6591
is flu contagious,6591
flu epidemic,6591
is the flu contagious,6591
flu during pregnancy,6591
how long is the flu contagious,6591
nhs swine,6591
flu symptoms in children,6591
viral flu,6591
how to get rid of a flu,6591
flu complications,6591
medication for flu,6591
flu remedy,6591
cough flu,6591
symptoms of pneumonia in adults,6591
flu pregnancy,6591
tonsilitis,6591
google flu,6591
treating flu,6591
home remedies for flu,6591
flu tablets,6591
pleurisy,6591
treatment for flu,6591
flu symptoms uk,6591
treat flu,6591
signs of flu,6591
sinuses,6591
flu duration,6591
flu medicine,6591
flu,6591
how long do flu symptoms last,6591
symptoms of flu,6591
how to treat flu,6591
tamiflu dosage,6591
flu symtoms,6591
flu treatment,6591
sinusitis symptoms,6591
catarrh,6591
how to get rid of flu,6591
bad flu,6591
flu virus symptoms,6591
signs of the flu,6591
flu nhs,6591
difference between cold and flu,6591
flu aches,6591
medicine for flu,6591
child flu,6591
laryngitis,6591
what are the symptoms of flu,6591
colds and flu,6591
how to recover from flu,6591
flu contagious period,6591
flu symptons,6591
flu antibiotics,6591
flu in adults,6591
severe flu,6591
i have flu,6591
recovering from flu,6591
flu going around,6591
bronchitis symptoms,6591
recover from flu,6591
colds,6591
how long does the flu last,6591
flu rash,6591
flu advice,6591
the death cure,6591
mild flu,6591
remedies for flu,6591
flu and cough,6591
coughs,6591
how to cure flu,6591
flu bug,6591
difference between a cold and flu,6591
flu symptoms,6591
flu london,6591
flu recovery,6591
h1n1 symptoms,6591
current flu,6591
do i have flu,6591
swine flu treatment,6591
flu incubation,6591
i have the flu,6591
flu sore throat,6591
influenza symptoms,6591
flu symptom,6591
pneumonia symptoms in adults,6591
what to eat when you have the flu,6591
swine flu symptoms,6591
children flu,6591
when is flu contagious,6591
have i got flu,6591
how long is flu contagious,6591
symptoms of the flu,6591
current flu virus,6591
flu test,6591
flu temperature,6591
stop coughing,6591
get rid of a cough,6591
flu symptoms nhs,6591
food for flu,6591
flu pain,6591
cold and flu,6591
tamiflu side effects,6591
lurgy,6591
coughing up,6591
how to get rid of a cough,6591
the flu symptoms,6591
cough remedy,6591
a flu,6591
gastric flu,6591
flu strain,6591
man flu,6591
flu infection,6591
flu home remedies,6591
flu headache,6591
flu prevention,6591
flu coughing,6591
cough after flu,6591
flu remedies,6591
how to get rid of cough,6591
flu how long,6591
incubation period for flu,6591
how long does the flu,6591
lemsip,6591
what to take for flu,6591
flu and pregnancy,6591
symptoms of bronchitis,6591
recovery from flu,6591
flu in babies,6591
flu symptoms last,6591
flu and pneumonia,6591
latest flu,6591
flu stomach,6591
winter vomiting bug symptoms,6591
what is flu,6591
how long can flu last,6591
tummy flu,6591
what are flu symptoms,6591
flu last,6591
flu diarrhea,6591
stomach flu symptoms,6591
do i have the flu,6591
symptoms of swine,6591
how to get over flu,6591
got flu,6591
cure flu,6591
how long to recover from flu,6591
how long does flu last,6591
night nurse,6591
nhs direct flu,6591
flu how long does it last,6591
cold and flu symptoms,6591
early flu symptoms,6591
bad cold,6591
chilblains,6591
what are the symptoms of the flu,6591
flu pregnant,6591
how long does a flu last,6591
cold flu,6591
flu map,6591
flu symptoms in adults,6591
flu contagious,6591
get rid of flu,6591
antibiotics for flu,6591
cough medicine,6591
what is tamiflu,6591
bronchitis,6591
how to get rid of the flu,6591
tamiflu,6591
flu in pregnancy,6591
coughing up blood,6591
symptom of flu,6591
stages of flu,6591
get rid of cough,6591
flu signs,6591
how to prevent flu,6591
dog flu,6591
flu recovery time,6591
baby flu,6591
flue,6591
